<asdoc>

<packageRec name='eu.alebianco.core.null' fullname='eu.alebianco.core.null'>
<description><![CDATA[

 Copyright © 2011 Alessandro Bianco. All rights reserved.

 http://alessandrobianco.eu | ]]></description>
<alebianco><![CDATA[
 

 Permission is hereby granted, free of charge, to any person obtaining a copy

 of this software and associated documentation files (the "Software"), to deal

 in the Software without restriction, including without limitation the rights

 to use, copy, modify, merge, publish, distribute, sublicense, and/or sell

 copies of the Software, and to permit persons to whom the Software is

 furnished to do so, subject to the following conditions:

 

 The above copyright notice and this permission notice shall be included in

 all copies or substantial portions of the Software.

 

 THE SOFTWARE IS PROVIDED "AS IS", WITHOUT WARRANTY OF ANY KIND, EXPRESS OR

 IMPLIED, INCLUDING BUT NOT LIMITED TO THE WARRANTIES OF MERCHANTABILITY,

 FITNESS FOR A PARTICULAR PURPOSE AND NONINFRINGEMENT. IN NO EVENT SHALL THE

 AUTHORS OR COPYRIGHT HOLDERS BE LIABLE FOR ANY CLAIM, DAMAGES OR OTHER

 LIABILITY, WHETHER IN AN ACTION OF CONTRACT, TORT OR OTHERWISE, ARISING FROM,

 OUT OF OR IN CONNECTION WITH THE SOFTWARE OR THE USE OR OTHER DEALINGS IN

 THE SOFTWARE.

 
 ]]></alebianco>
</packageRec>
<interfaceRec name='IDisposable' fullname='eu.alebianco.core:IDisposable' sourcefile='C:\Users\Alessandro\Skydrive\Workspace\Libraries\ABCore\src\eu\alebianco\core\IDisposable.as' namespace='eu.alebianco.core' access='public' baseClasses='Object' isFinal='false' isDynamic='false' >
<description><![CDATA[

	 The IDisposable interface define a generic method tha will make sure that

	 the instance is ready for garbage collection.

	 

	 ]]></description>
<author><![CDATA[Alessandro Bianco - cyberpunk

	 ]]></author>
<langversion><![CDATA[ActionScript 3.0

	 ]]></langversion>
<playerversion><![CDATA[Flash 9.0

	 ]]></playerversion>
<tiptext><![CDATA[
	 ]]></tiptext>
<version><![CDATA[0.1.0

	 ]]></version>
<date><![CDATA[25.02.2011

	 ]]></date>
</interfaceRec>
<method name='dispose' fullname='eu.alebianco.core:IDisposable/eu.alebianco.core:IDisposable:dispose' isStatic='false' isFinal='false' isOverride='false'  result_type='void'>
<description><![CDATA[

		 Stop any code execution and cleans up every stored reference.

		 

		 <p>

		 After calling this method the instance is be ready for garbage

		 collection without leaving behind any reference or running code that

		 could bog the memory of the application.

		 </p>

		 

		 ]]></description>
<langversion><![CDATA[ActionScript 3.0

		 ]]></langversion>
<playerversion><![CDATA[Flash 9.0

		 ]]></playerversion>
<tiptext><![CDATA[
		 ]]></tiptext>
</method>
<packageRec name='eu.alebianco.core.null' fullname='eu.alebianco.core.null'>
<description><![CDATA[

 Copyright © 2011 Alessandro Bianco. All rights reserved.

 http://alessandrobianco.eu | ]]></description>
<alebianco><![CDATA[
 

 Permission is hereby granted, free of charge, to any person obtaining a copy

 of this software and associated documentation files (the "Software"), to deal

 in the Software without restriction, including without limitation the rights

 to use, copy, modify, merge, publish, distribute, sublicense, and/or sell

 copies of the Software, and to permit persons to whom the Software is

 furnished to do so, subject to the following conditions:

 

 The above copyright notice and this permission notice shall be included in

 all copies or substantial portions of the Software.

 

 THE SOFTWARE IS PROVIDED "AS IS", WITHOUT WARRANTY OF ANY KIND, EXPRESS OR

 IMPLIED, INCLUDING BUT NOT LIMITED TO THE WARRANTIES OF MERCHANTABILITY,

 FITNESS FOR A PARTICULAR PURPOSE AND NONINFRINGEMENT. IN NO EVENT SHALL THE

 AUTHORS OR COPYRIGHT HOLDERS BE LIABLE FOR ANY CLAIM, DAMAGES OR OTHER

 LIABILITY, WHETHER IN AN ACTION OF CONTRACT, TORT OR OTHERWISE, ARISING FROM,

 OUT OF OR IN CONNECTION WITH THE SOFTWARE OR THE USE OR OTHER DEALINGS IN

 THE SOFTWARE.

 
 ]]></alebianco>
</packageRec>
<classRec name='EnumConstants' fullname='eu.alebianco.core:EnumConstants' sourcefile='C:\Users\Alessandro\Skydrive\Workspace\Libraries\ABCore\src\eu\alebianco\core\EnumConstants.as' namespace='eu.alebianco.core' access='internal' baseclass='Object' isFinal='true' isDynamic='false' >
<description><![CDATA[

	 Utility class used only by the Enum abstract class to store the elements

	 of the registered enumeration classes.

	 

	 ]]></description>
<author><![CDATA[Alessandro Bianco - cyberpunk

	 ]]></author>
<langversion><![CDATA[ActionScript 3.0

	 ]]></langversion>
<playerversion><![CDATA[Flash 10.0

	 ]]></playerversion>
<tiptext><![CDATA[
	 ]]></tiptext>
<version><![CDATA[0.9.0

	 ]]></version>
<date><![CDATA[12.09.2011

	 ]]></date>
</classRec>
<method name='EnumConstants' fullname='eu.alebianco.core:EnumConstants/EnumConstants' isStatic='false' isFinal='false' isOverride='false'  param_names='constants' param_types='Vector$eu.alebianco.core:Enum' param_defaults='undefined' result_type='*'>
<description><![CDATA[

		 Constructor.

		 

		 <p>

		 Store the list of constants for a single enumeration type and build

		 a map of their names to conveniently search them.

		 </p>

		 

		 ]]></description>
<langversion><![CDATA[ActionScript 3.0

		 ]]></langversion>
<playerversion><![CDATA[Flash 10.0

		 ]]></playerversion>
<tiptext><![CDATA[
		 ]]></tiptext>
</method>
<method name='indexMap' fullname='eu.alebianco.core:EnumConstants/indexMap/get' isStatic='false' isFinal='false' isOverride='false'  result_type='Vector$eu.alebianco.core:Enum'>
<description><![CDATA[

		 The list of elements belonging to an enumeration type.

		 

		 <p>

		 It returns a copy of the list to prevent the consumer to change it at runtime.

		 </p>

		 

		 ]]></description>
<langversion><![CDATA[ActionScript 3.0

		 ]]></langversion>
<playerversion><![CDATA[Flash 10.0

		 ]]></playerversion>
<tiptext><![CDATA[
		 ]]></tiptext>
</method>
<field name='_indexMap' fullname='eu.alebianco.core:EnumConstants/private:_indexMap' type='Vector$eu.alebianco.core:Enum' isStatic='false' isConst='false' >
</field>
<field name='nameMap' fullname='eu.alebianco.core:EnumConstants/nameMap' type='flash.utils:Dictionary' isStatic='false' isConst='false' defaultValue='unknown' >
<description><![CDATA[

		 The map of elements names used for search capabilities.

		 

		 ]]></description>
<langversion><![CDATA[ActionScript 3.0

		 ]]></langversion>
<playerversion><![CDATA[Flash 10.0

		 ]]></playerversion>
<tiptext><![CDATA[
		 ]]></tiptext>
</field>
<packageRec name='eu.alebianco.core.null' fullname='eu.alebianco.core.null'>
<description><![CDATA[

 Copyright © 2011 Alessandro Bianco. All rights reserved.

 http://alessandrobianco.eu | ]]></description>
<alebianco><![CDATA[
 

 Permission is hereby granted, free of charge, to any person obtaining a copy

 of this software and associated documentation files (the "Software"), to deal

 in the Software without restriction, including without limitation the rights

 to use, copy, modify, merge, publish, distribute, sublicense, and/or sell

 copies of the Software, and to permit persons to whom the Software is

 furnished to do so, subject to the following conditions:

 

 The above copyright notice and this permission notice shall be included in

 all copies or substantial portions of the Software.

 

 THE SOFTWARE IS PROVIDED "AS IS", WITHOUT WARRANTY OF ANY KIND, EXPRESS OR

 IMPLIED, INCLUDING BUT NOT LIMITED TO THE WARRANTIES OF MERCHANTABILITY,

 FITNESS FOR A PARTICULAR PURPOSE AND NONINFRINGEMENT. IN NO EVENT SHALL THE

 AUTHORS OR COPYRIGHT HOLDERS BE LIABLE FOR ANY CLAIM, DAMAGES OR OTHER

 LIABILITY, WHETHER IN AN ACTION OF CONTRACT, TORT OR OTHERWISE, ARISING FROM,

 OUT OF OR IN CONNECTION WITH THE SOFTWARE OR THE USE OR OTHER DEALINGS IN

 THE SOFTWARE.

 
 ]]></alebianco>
</packageRec>
<classRec name='Enum' fullname='eu.alebianco.core:Enum' sourcefile='C:\Users\Alessandro\Skydrive\Workspace\Libraries\ABCore\src\eu\alebianco\core\Enum.as' namespace='eu.alebianco.core' access='public' baseclass='Object' isFinal='false' isDynamic='false' >
<description><![CDATA[

	 Provide means to build typesafe enumerations in <code>ActionScript</code>.

	 

	 <p>

	 This class works as an <i>abstract</i> and should be used only to extend the concrete

	 enumerations in which the <code>static constants</code> will be used as the enumeration elements.

	 </p>

	 <p>

	 Enumeration built this way are:

	 <ul>

	 <li><b>closed</b>: elements can't be added or removed at runtime.</li>

	 <li><b>iterable</b>: elements can be retrieved as a list, with the same order in which they were declared.</li>

	 </ul>

	 </p>

	 

	 ]]></description>
<author><![CDATA[Alessandro Bianco - cyberpunk

	 ]]></author>
<internal><![CDATA[Goals still to achieve: make them omparable enericand xtensible
	 ]]></internal>
<langversion><![CDATA[ActionScript 3.0

	 ]]></langversion>
<playerversion><![CDATA[Flash 10.0

	 ]]></playerversion>
<see><![CDATA[https://github.com/nodename/Ultimate-Enum

	 

	 ]]></see>
<tiptext><![CDATA[
	 ]]></tiptext>
<interal><![CDATA[would be possible to use a metatag instead of a static initializer to register the enum class?

	 

	 ]]></interal>
<version><![CDATA[0.9.0

	 ]]></version>
<date><![CDATA[12.09.2011

	 ]]></date>
</classRec>
<method name='Enum' fullname='eu.alebianco.core:Enum/Enum' isStatic='false' isFinal='false' isOverride='false'  result_type='*'>
<description><![CDATA[

		 Enumeration constructor.

		 

		 <p>

		 Can't be used directly, this class acts as an <i>abstract</i>.<br/>

		 You should create a concrete class that extends this one and define

		 your enumeration elements there.<br/>

		 Concrete enumerations can be instantiated only as static constants

		 inside their own class.

		 </p>

		 

		 ]]></description>
<langversion><![CDATA[ActionScript 3.0

		 ]]></langversion>
<playerversion><![CDATA[Flash 10.0

		 ]]></playerversion>
<throws><![CDATA[eu.alebianco.errors.EnumError An instance of the abstract

		 class has been created or a concrete class has been created outside

		 of it's own class.

		 

		 ]]></throws>
<tiptext><![CDATA[
		 ]]></tiptext>
</method>
<method name='getConstants' fullname='eu.alebianco.core:Enum/protected:getConstants' isStatic='true' isFinal='false' isOverride='false'  param_names='type' param_types='Class' param_defaults='undefined' result_type='Vector$eu.alebianco.core:Enum'>
<description><![CDATA[

		 Search for elements of a specific enumeration type and returns them.

		 

		 <p>

		 The list of elements is ordered following the index of the elements.

		 </p>

		 

		 ]]></description>
<langversion><![CDATA[ActionScript 3.0

		 ]]></langversion>
<param><![CDATA[type Reference to a concrete enumeration class for which

		 retrieve the elements.

		 

		 ]]></param>
<playerversion><![CDATA[Flash 10.0

		 ]]></playerversion>
<return><![CDATA[The list of elements belonging to the enumeration.

		 

		 ]]></return>
<tiptext><![CDATA[
		 ]]></tiptext>
</method>
<method name='initEnum' fullname='eu.alebianco.core:Enum/protected:initEnum' isStatic='true' isFinal='false' isOverride='false'  param_names='type' param_types='Class' param_defaults='undefined' result_type='void'>
<description><![CDATA[

		 Initialize the concrete enumeration class.

		 

		 <p>

		 Register the enumeration type and parse the class constants to

		 build the list of elements.

		 </p>

		 <p>

		 This method <b>must</b> be called from the static initializer in

		 the concrete class.

		 </p>

		 

		 ]]></description>
<langversion><![CDATA[ActionScript 3.0

		 ]]></langversion>
<param><![CDATA[type A reference to che concrete enumeration class to be

		 registered.

		 

		 ]]></param>
<playerversion><![CDATA[Flash 10.0

		 ]]></playerversion>
<throws><![CDATA[eu.alebianco.errors.EnumError The initialization has been

		 called twice or there're no constants defined or constants doesn't

		 match their enumeration class.

		 

		 ]]></throws>
<tiptext><![CDATA[
		 ]]></tiptext>
</method>
<method name='parseConstant' fullname='eu.alebianco.core:Enum/protected:parseConstant' isStatic='true' isFinal='false' isOverride='false'  param_names='type;name;strict' param_types='Class;String;Boolean' param_defaults='undefined;undefined;false' result_type='eu.alebianco.core:Enum'>
<description><![CDATA[

		 Search for a element with a specific name belonging to a specific

		 enumeration type.

		 

		 ]]></description>
<langversion><![CDATA[ActionScript 3.0

		 ]]></langversion>
<param><![CDATA[type Reference to a concrete enumeration class to search into.

		 ]]></param>
<param><![CDATA[name The name of the element to retrieve.

		 ]]></param>
<param><![CDATA[strict Whether to compare elements name in a case sensitive way or not.

		 

		 ]]></param>
<playerversion><![CDATA[Flash 10.0

		 ]]></playerversion>
<return><![CDATA[The enumeration element with the corresponding name or <code>null</code> if not found.

		 

		 ]]></return>
<tiptext><![CDATA[
		 ]]></tiptext>
</method>
<method name='toString' fullname='eu.alebianco.core:Enum/toString' isStatic='false' isFinal='false' isOverride='false'  result_type='String'>
<description><![CDATA[

		 Output the enumeration element as a <code>String</code> rapresenting

		 it's basic informations.

		 

		 ]]></description>
<langversion><![CDATA[ActionScript 3.0

		 ]]></langversion>
<playerversion><![CDATA[Flash 10.0

		 ]]></playerversion>
<return><![CDATA[The enumeration element informations.

		 

		 ]]></return>
<tiptext><![CDATA[
		 ]]></tiptext>
</method>
<method name='index' fullname='eu.alebianco.core:Enum/index/get' isStatic='false' isFinal='false' isOverride='false'  result_type='int'>
<description><![CDATA[

		 The ordinal index of the current element.

		 

		 <p>

		 The index is inferred from constants declaration order in the

		 concrete class definition.

		 </p>

		 

		 ]]></description>
<langversion><![CDATA[ActionScript 3.0

		 ]]></langversion>
<playerversion><![CDATA[Flash 10.0

		 ]]></playerversion>
<tiptext><![CDATA[
		 ]]></tiptext>
</method>
<method name='name' fullname='eu.alebianco.core:Enum/name/get' isStatic='false' isFinal='false' isOverride='false'  result_type='String'>
<description><![CDATA[

		 The name of the current element.

		 

		 <p>

		 The name is inferred from the constant name defined in the concrete

		 class definition.

		 </p>

		 

		 ]]></description>
<langversion><![CDATA[ActionScript 3.0

		 ]]></langversion>
<playerversion><![CDATA[Flash 10.0

		 ]]></playerversion>
<tiptext><![CDATA[
		 ]]></tiptext>
</method>
<field name='_enumDb' fullname='eu.alebianco.core:Enum/private:_enumDb' type='flash.utils:Dictionary' isStatic='true' isConst='false' defaultValue='unknown' >
</field>
<field name='_index' fullname='eu.alebianco.core:Enum/private:_index' type='int' isStatic='false' isConst='false' defaultValue='-1' >
</field>
<field name='_name' fullname='eu.alebianco.core:Enum/private:_name' type='String' isStatic='false' isConst='false' defaultValue='null' >
</field>
<field name='_pendingDb' fullname='eu.alebianco.core:Enum/private:_pendingDb' type='flash.utils:Dictionary' isStatic='true' isConst='false' defaultValue='unknown' >
</field>
<packageRec name='eu.alebianco.errors.null' fullname='eu.alebianco.errors.null'>
<description><![CDATA[

 Copyright © 2011 Alessandro Bianco. All rights reserved.

 http://alessandrobianco.eu | ]]></description>
<alebianco><![CDATA[
 

 Permission is hereby granted, free of charge, to any person obtaining a copy

 of this software and associated documentation files (the "Software"), to deal

 in the Software without restriction, including without limitation the rights

 to use, copy, modify, merge, publish, distribute, sublicense, and/or sell

 copies of the Software, and to permit persons to whom the Software is

 furnished to do so, subject to the following conditions:

 

 The above copyright notice and this permission notice shall be included in

 all copies or substantial portions of the Software.

 

 THE SOFTWARE IS PROVIDED "AS IS", WITHOUT WARRANTY OF ANY KIND, EXPRESS OR

 IMPLIED, INCLUDING BUT NOT LIMITED TO THE WARRANTIES OF MERCHANTABILITY,

 FITNESS FOR A PARTICULAR PURPOSE AND NONINFRINGEMENT. IN NO EVENT SHALL THE

 AUTHORS OR COPYRIGHT HOLDERS BE LIABLE FOR ANY CLAIM, DAMAGES OR OTHER

 LIABILITY, WHETHER IN AN ACTION OF CONTRACT, TORT OR OTHERWISE, ARISING FROM,

 OUT OF OR IN CONNECTION WITH THE SOFTWARE OR THE USE OR OTHER DEALINGS IN

 THE SOFTWARE.

 
 ]]></alebianco>
</packageRec>
<classRec name='EnumError' fullname='eu.alebianco.errors:EnumError' sourcefile='C:\Users\Alessandro\Skydrive\Workspace\Libraries\ABCore\src\eu\alebianco\errors\EnumError.as' namespace='eu.alebianco.errors' access='public' baseclass='Error' isFinal='false' isDynamic='false' >
<description><![CDATA[

	 The EnumError class rapresents an error occurred while working

	 with enumerations. For example when no elements are defined for

	 an enumeration or when the enumeration in constructed outside it's

	 own class.

	 

	 ]]></description>
<author><![CDATA[Alessandro Bianco - cyberpunk

	 ]]></author>
<langversion><![CDATA[ActionScript 3.0

	 ]]></langversion>
<playerversion><![CDATA[Flash 10.0

	 ]]></playerversion>
<tiptext><![CDATA[
	 ]]></tiptext>
<version><![CDATA[0.9.0

	 ]]></version>
<date><![CDATA[12.09.2011

	 ]]></date>
</classRec>
<method name='EnumError' fullname='eu.alebianco.errors:EnumError/EnumError' isStatic='false' isFinal='false' isOverride='false'  param_names='message;id' param_types='*;*' param_defaults=';0' result_type='*'>
</method>
<classRec name='SerializationUtils' fullname='eu.alebianco.air.utils:SerializationUtils' sourcefile='C:\Users\Alessandro\Skydrive\Workspace\Libraries\ABCore\src\eu\alebianco\air\utils\SerializationUtils.as' namespace='eu.alebianco.air.utils' access='public' baseclass='Object' isFinal='false' isDynamic='false' >
</classRec>
<method name='fromString' fullname='eu.alebianco.air.utils:SerializationUtils/fromString' isStatic='true' isFinal='false' isOverride='false'  param_names='value' param_types='String' param_defaults='undefined' result_type='Object'>
</method>
<method name='toString' fullname='eu.alebianco.air.utils:SerializationUtils/toString' isStatic='true' isFinal='false' isOverride='false'  param_names='value' param_types='Object' param_defaults='undefined' result_type='String'>
</method>
<classRec name='ImageCacheManager' fullname='eu.alebianco.air.utils:ImageCacheManager' sourcefile='C:\Users\Alessandro\Skydrive\Workspace\Libraries\ABCore\src\eu\alebianco\air\utils\ImageCacheManager.as' namespace='eu.alebianco.air.utils' access='public' baseclass='Object' isFinal='true' isDynamic='false' >
</classRec>
<method name='ImageCacheManager' fullname='eu.alebianco.air.utils:ImageCacheManager/ImageCacheManager' isStatic='false' isFinal='false' isOverride='false'  result_type='*'>
</method>
<method name='addImageToCache' fullname='eu.alebianco.air.utils:ImageCacheManager/private:addImageToCache' isStatic='false' isFinal='false' isOverride='false'  param_names='url' param_types='String' param_defaults='undefined' result_type='void'>
</method>
<method name='getCacheFileFor' fullname='eu.alebianco.air.utils:ImageCacheManager/private:getCacheFileFor' isStatic='false' isFinal='false' isOverride='false'  param_names='url' param_types='String' param_defaults='undefined' result_type='flash.filesystem:File'>
</method>
<method name='getImageByURL' fullname='eu.alebianco.air.utils:ImageCacheManager/getImageByURL' isStatic='false' isFinal='false' isOverride='false'  param_names='url' param_types='String' param_defaults='undefined' result_type='String'>
</method>
<method name='getInstance' fullname='eu.alebianco.air.utils:ImageCacheManager/getInstance' isStatic='true' isFinal='false' isOverride='false'  result_type='eu.alebianco.air.utils:ImageCacheManager'>
</method>
<method name='loadCompleteHandler' fullname='eu.alebianco.air.utils:ImageCacheManager/private:loadCompleteHandler' isStatic='false' isFinal='false' isOverride='false'  param_names='event' param_types='flash.events:Event' param_defaults='undefined' result_type='void'>
</method>
<method name='loadErrorHandler' fullname='eu.alebianco.air.utils:ImageCacheManager/protected:loadErrorHandler' isStatic='false' isFinal='false' isOverride='false'  param_names='event' param_types='flash.events:ErrorEvent' param_defaults='undefined' result_type='void'>
</method>
<method name='processNext' fullname='eu.alebianco.air.utils:ImageCacheManager/private:processNext' isStatic='false' isFinal='false' isOverride='false'  result_type='void'>
</method>
<method name='storeToDisk' fullname='eu.alebianco.air.utils:ImageCacheManager/private:storeToDisk' isStatic='false' isFinal='false' isOverride='false'  param_names='url;bytes' param_types='String;flash.utils:ByteArray' param_defaults='undefined;undefined' result_type='void'>
</method>
<method name='cacheDirectoryPath' fullname='eu.alebianco.air.utils:ImageCacheManager/cacheDirectoryPath/get' isStatic='false' isFinal='false' isOverride='false'  result_type='String'>
</method>
<method name='file' fullname='eu.alebianco.air.utils:ImageCacheManager/private:file/get' isStatic='false' isFinal='false' isOverride='false'  result_type='flash.filesystem:File'>
</method>
<method name='hasRequestsToProcess' fullname='eu.alebianco.air.utils:ImageCacheManager/private:hasRequestsToProcess/get' isStatic='false' isFinal='false' isOverride='false'  result_type='Boolean'>
</method>
<method name='isLoaderBusy' fullname='eu.alebianco.air.utils:ImageCacheManager/private:isLoaderBusy/get' isStatic='false' isFinal='false' isOverride='false'  result_type='Boolean'>
</method>
<method name='loader' fullname='eu.alebianco.air.utils:ImageCacheManager/private:loader/get' isStatic='false' isFinal='false' isOverride='false'  result_type='flash.net:URLLoader'>
</method>
<method name='request' fullname='eu.alebianco.air.utils:ImageCacheManager/private:request/get' isStatic='false' isFinal='false' isOverride='false'  result_type='flash.net:URLRequest'>
</method>
<method name='stream' fullname='eu.alebianco.air.utils:ImageCacheManager/private:stream/get' isStatic='false' isFinal='false' isOverride='false'  result_type='flash.filesystem:FileStream'>
</method>
<method name='cacheDirectoryPath' fullname='eu.alebianco.air.utils:ImageCacheManager/cacheDirectoryPath/set' isStatic='false' isFinal='false' isOverride='false'  param_names='value' param_types='String' param_defaults='undefined' result_type='void'>
</method>
<field name='DEFAULT_CACHE_PATH' fullname='eu.alebianco.air.utils:ImageCacheManager/private:DEFAULT_CACHE_PATH' type='String' isStatic='false' isConst='true' defaultValue='app-storage:/cachedimages/' >
</field>
<field name='_basepath' fullname='eu.alebianco.air.utils:ImageCacheManager/private:_basepath' type='String' isStatic='false' isConst='false' defaultValue='app-storage:/cachedimages/' >
</field>
<field name='_file' fullname='eu.alebianco.air.utils:ImageCacheManager/private:_file' type='flash.filesystem:File' isStatic='false' isConst='false' >
</field>
<field name='_loader' fullname='eu.alebianco.air.utils:ImageCacheManager/private:_loader' type='flash.net:URLLoader' isStatic='false' isConst='false' >
</field>
<field name='_request' fullname='eu.alebianco.air.utils:ImageCacheManager/private:_request' type='flash.net:URLRequest' isStatic='false' isConst='false' >
</field>
<field name='_stream' fullname='eu.alebianco.air.utils:ImageCacheManager/private:_stream' type='flash.filesystem:FileStream' isStatic='false' isConst='false' >
</field>
<field name='canCreate' fullname='eu.alebianco.air.utils:ImageCacheManager/private:canCreate' type='Boolean' isStatic='true' isConst='false' defaultValue='false' >
</field>
<field name='instance' fullname='eu.alebianco.air.utils:ImageCacheManager/private:instance' type='eu.alebianco.air.utils:ImageCacheManager' isStatic='true' isConst='false' >
</field>
<field name='queue' fullname='eu.alebianco.air.utils:ImageCacheManager/private:queue' type='Array' isStatic='false' isConst='false' defaultValue='unknown' >
</field>
</asdoc>
